kpi,valeur
prix_total,143584.22999999998
nb_produits,1197.0
marge_totale,50675.33000000001
